{"cameraMode":{"drawMode":0,"name":"Shaded","section":"Shading Mode"},"sceneLighting":true,"audioPlay":false,"sceneViewState":{"m_AlwaysRefresh":false,"showFog":true,"showSkybox":true,"showFlares":true,"showImageEffects":true,"showParticleSystems":true,"showVisualEffectGraphs":true,"m_FxEnabled":true},"in2DMode":false,"pivot":{"x":31.919998168945314,"y":31.520000457763673,"z":2.2799997329711916},"rotation":{"x":0.1722882241010666,"y":-0.7227334380149841,"z":0.19445021450519563,"w":0.6404489278793335},"size":0.0036519200075417759,"orthographic":false}